{
  "model_id": "0ae0cbf9-9854-4001-97d8-5c4d2c1f4a63",
  "model_name": "default_credit_risk_model",
  "model_version": "20250506_022543",
  "model_type": "LogisticRegression",
  "training_date": "2025-05-06T02:25:43.910249",
  "feature_names": [
    "employment_length_years",
    "annual_income",
    "credit_score",
    "credit_utilization_ratio",
    "requested_amount",
    "interest_rate",
    "gender_Female",
    "gender_Male",
    "gender_Other",
    "marital_status_Divorced",
    "marital_status_Married",
    "marital_status_Single",
    "marital_status_Widowed",
    "education_Bachelor",
    "education_High School",
    "education_Master",
    "education_Other",
    "education_PhD",
    "employment_status_Employed",
    "employment_status_Retired",
    "employment_status_Self-employed",
    "employment_status_Unemployed",
    "loan_type_Auto",
    "loan_type_Education",
    "loan_type_Mortgage",
    "loan_type_Personal",
    "loan_purpose_Debt Consolidation",
    "loan_purpose_Home Improvement",
    "loan_purpose_Major Purchase",
    "loan_purpose_Other"
  ],
  "metrics": {
    "auc_roc": 0.5181776346065348,
    "optimal_threshold": 0.30730525839639794,
    "accuracy": 0.295,
    "precision": 0.2159090909090909,
    "recall": 0.926829268292683,
    "f1_score": 0.3502304147465438,
    "true_positives": 38,
    "false_positives": 138,
    "true_negatives": 21,
    "false_negatives": 3,
    "feature_importance": {
      "employment_length_years": 0.17489994106363813,
      "annual_income": 0.19993340825435219,
      "credit_score": 0.3374992719080576,
      "credit_utilization_ratio": 0.25889261636943284,
      "requested_amount": 0.14025536784591497,
      "interest_rate": 0.033971034404525015,
      "gender_Female": 0.008517004378144488,
      "gender_Male": 0.034965706494834964,
      "gender_Other": 0.026211586571648054,
      "marital_status_Divorced": 0.1745362334029125,
      "marital_status_Married": 0.1446823896208313,
      "marital_status_Single": 0.03650735533929948,
      "marital_status_Widowed": 0.06612408357632868,
      "education_Bachelor": 0.1369082769192205,
      "education_High School": 0.050256979426077555,
      "education_Master": 0.12103241580230646,
      "education_Other": 0.10081673958534844,
      "education_PhD": 0.10710408925515272,
      "employment_status_Employed": 0.14368766242604417,
      "employment_status_Retired": 0.016269150549864317,
      "employment_status_Self-employed": 0.12876091351979935,
      "employment_status_Unemployed": 0.030958783911060477,
      "loan_type_Auto": 0.17596345447396824,
      "loan_type_Education": 0.3277651037622939,
      "loan_type_Mortgage": 0.16282695146529383,
      "loan_type_Personal": 0.010788186631924795,
      "loan_purpose_Debt Consolidation": 0.06891436212082626,
      "loan_purpose_Home Improvement": 0.19771618042615663,
      "loan_purpose_Major Purchase": 0.14495297116007158,
      "loan_purpose_Other": 0.27399190501044896
    }
  },
  "params": {
    "C": 1.0,
    "class_weight": "balanced",
    "dual": false,
    "fit_intercept": true,
    "intercept_scaling": 1,
    "l1_ratio": null,
    "max_iter": 1000,
    "multi_class": "auto",
    "n_jobs": null,
    "penalty": "l2",
    "random_state": 42,
    "solver": "lbfgs",
    "tol": 0.0001,
    "verbose": 0,
    "warm_start": false
  }
}